[
    {
        "company":"Lenovo",
        "description":"It was a great company",
        "price":"50.42",
        "price_2002":"35.80",
        "price_2007":"40.50"
    },
    {
        "company":"HP",
        "description":"It was a good company",
        "price":"50.42",
        "price_2002":"35.80",
        "price_2007":"40.50"
    },
    {
        "company":"Dell",
        "description":"It was a Amazing company",
        "price":"50.42",
        "price_2002":"35.80",
        "price_2007":"40.50"
    }
]